feature,mean_abs_shap
blood_pressure,0.76907367
academic_performance,0.2906132
sleep_quality,0.24219446
teacher_student_relationship,0.20328036
self_esteem,0.19806258
extracurricular_activities,0.111153185
depression,0.095510714
study_load,0.08481831
basic_needs,0.08396588
social_support,0.08264203
future_career_concerns,0.05235089
breathing_problem,0.05150602
headache,0.049998872
safety,0.048133794
anxiety_level,0.037623897
mental_health_history,0.035960957
living_conditions,0.030256502
peer_pressure,0.02912859
bullying,0.024606083
noise_level,0.012389226
